<?xml version="1.0" encoding="UTF-8"?>
<project-private xmlns="http://www.netbeans.org/ns/project-private/1">
    <editor-bookmarks xmlns="http://www.netbeans.org/ns/editor-bookmarks/2" lastBookmarkId="0"/>
    <open-files xmlns="http://www.netbeans.org/ns/projectui-open-files/2">
        <group>
            <file>file:/C:/Users/Matthäus/Desktop/Jeremias/Schule/MGIN/Übungen/FUebung/FAufgaben/src/aufgabe2/Aktivitaet.java</file>
            <file>file:/C:/Users/Matthäus/Desktop/Jeremias/Schule/MGIN/Übungen/FUebung/FAufgaben/src/aufgabe2/Anwendung.java</file>
            <file>file:/C:/Users/Matthäus/Desktop/Jeremias/Schule/MGIN/Übungen/FUebung/FAufgaben/src/aufgabe2/Priority.java</file>
            <file>file:/C:/Users/Matthäus/Desktop/Jeremias/Schule/MGIN/Übungen/FUebung/FAufgaben/src/aufgabe1/Inhaltsverzeichnis.java</file>
        </group>
    </open-files>
</project-private>
